algoritam,kategorija,operacija,velicina_bajta,duzina_kljuca_bita,ponavljanja,srednje_vrijeme_s,std_dev_s,min_vrijeme_s,propusnost_mb_s
DES,simetricni-rucni,enkripcija,64.0,56,50,0.002110845999777666,0.00015240893434564275,0.0020073999985470437,0.028915020923567514
DES,simetricni-rucni,dekripcija,64.0,56,50,0.002121426000012434,0.00014785829801813015,0.0020239999994373647,0.028770815597452967
DES,simetricni-rucni,enkripcija,256.0,56,50,0.007789762000065821,0.0005052969088472547,0.007368599999608705,0.03134121748494204
DES,simetricni-rucni,dekripcija,256.0,56,50,0.007650309999917226,0.00024892740723497976,0.007398399999146932,0.031912514003045823
DES,simetricni-rucni,enkripcija,1024.0,56,50,0.029719906000027548,0.0005025443151156521,0.028950700001587393,0.03285886906907091
DES,simetricni-rucni,dekripcija,1024.0,56,50,0.02976280599981692,0.00046634900161231116,0.028838999998697545,0.032811506415289175
DES,simetricni-rucni,enkripcija,4096.0,56,18,0.11722130555558073,0.0011278175876439911,0.11516630000005534,0.03332372030396678
DES,simetricni-rucni,dekripcija,4096.0,56,18,0.11765856111156205,0.0012652841100546167,0.11586410000018077,0.03319987906614083
DES,simetricni-rucni,enkripcija,16384.0,56,5,0.4868767599997227,0.010607623937881599,0.47528539999984787,0.03209231017723849
DES,simetricni-rucni,dekripcija,16384.0,56,5,0.47413660000020175,0.008948865300848636,0.4675243000001501,0.03295463796718783
DES,simetricni-rucni,enkripcija,65536.0,56,5,1.878445479999573,0.014629943980026787,1.865347799999654,0.03327219270692605
DES,simetricni-rucni,dekripcija,65536.0,56,5,1.8714356200005569,0.02821583339678808,1.8494451999995363,0.03339682077868188
DES,simetricni-rucni,generisanje_kljuca,,56,50,1.7699997988529504e-06,1.9717390957196665e-07,1.5999994502635673e-06,
3DES,simetricni-rucni,enkripcija,64.0,168,50,0.006171605999807071,0.00018659873080896616,0.005991899999571615,0.009889671546094811
3DES,simetricni-rucni,dekripcija,64.0,168,50,0.006192106000016792,0.0002477575630027631,0.005990399999063811,0.00985693013812013
3DES,simetricni-rucni,enkripcija,256.0,168,50,0.02279292000002897,0.0007047023588069436,0.021887099999730708,0.010711248273573096
3DES,simetricni-rucni,dekripcija,256.0,168,50,0.022711163999920247,0.0006074814729838336,0.02201220000097237,0.010749806791094342
3DES,simetricni-rucni,enkripcija,1024.0,168,23,0.08767451304336883,0.000823883884697167,0.08587939999961236,0.0111384992753474
3DES,simetricni-rucni,dekripcija,1024.0,168,23,0.08821397826076187,0.0019120702836331958,0.08663920000071812,0.011070382713193893
3DES,simetricni-rucni,enkripcija,4096.0,168,6,0.34770299999945564,0.0020058494748319052,0.3462407999995776,0.011234444339008049
3DES,simetricni-rucni,dekripcija,4096.0,168,6,0.34814926666634466,0.001197166055945516,0.34695120000105817,0.011220043739869852
3DES,simetricni-rucni,enkripcija,16384.0,168,5,1.4020416800009117,0.022133941304134697,1.385872400000153,0.011144461839386858
3DES,simetricni-rucni,dekripcija,16384.0,168,5,1.3969425999999658,0.0061446975110553215,1.38925559999916,0.011185141035859585
3DES,simetricni-rucni,enkripcija,65536.0,168,5,5.6410026999994445,0.026082587749536337,5.614377099998819,0.011079590513226692
3DES,simetricni-rucni,dekripcija,65536.0,168,5,5.671858060000159,0.10709777874024051,5.602005099999587,0.011019316657581915
3DES,simetricni-rucni,generisanje_kljuca,,168,50,5.218000042077619e-06,7.692270032305569e-07,4.800000169780105e-06,
AES-128,simetricni-rucni,enkripcija,64.0,128,50,0.001675056000094628,8.325329225018098e-05,0.0016190999995160382,0.03643768103666503
AES-128,simetricni-rucni,dekripcija,64.0,128,50,0.0031433459999243496,0.0001420070322889294,0.0029769000011583557,0.01941725672308073
AES-128,simetricni-rucni,enkripcija,256.0,128,50,0.005690022000198951,0.0002472334773922235,0.005443199999717763,0.04290679807414868
AES-128,simetricni-rucni,dekripcija,256.0,128,50,0.0106932240002061,0.0003867600231059289,0.01017859999956272,0.02283133926637041
AES-128,simetricni-rucni,enkripcija,1024.0,128,50,0.021477521999804593,0.0004020529646057814,0.02083169999968959,0.04546904899032975
AES-128,simetricni-rucni,dekripcija,1024.0,128,50,0.040434304000082195,0.00047640481295182607,0.03939669999999751,0.02415183157345839
AES-128,simetricni-rucni,enkripcija,4096.0,128,24,0.08527115000015328,0.0010548154713599686,0.08285020000039367,0.04580974925274232
AES-128,simetricni-rucni,dekripcija,4096.0,128,13,0.16491385384618368,0.008517317273080917,0.1578473000008671,0.023686609153184834
AES-128,simetricni-rucni,enkripcija,16384.0,128,6,0.3396377333328928,0.002842831153617034,0.3359679999994114,0.046004900123053465
AES-128,simetricni-rucni,dekripcija,16384.0,128,5,0.6360550800000055,0.006106734229986035,0.6319075999999768,0.024565482599399825
AES-128,simetricni-rucni,enkripcija,65536.0,128,5,1.354192339999645,0.0065084802316532605,1.3455640000011044,0.0461529711503289
AES-128,simetricni-rucni,dekripcija,65536.0,128,5,2.5385155800006034,0.027509351315288828,2.5247052000013355,0.02462068796914185
AES-128,simetricni-rucni,generisanje_kljuca,,128,50,3.2400002965005114e-07,1.6970569648772528e-07,1.9999970390927047e-07,
AES-192,simetricni-rucni,enkripcija,64.0,192,50,0.00199891199976264,8.445593370818004e-05,0.0019048000012844568,0.03053418872729144
AES-192,simetricni-rucni,dekripcija,64.0,192,50,0.0037828619999709188,0.00011859171419221991,0.0036479999998846324,0.016134650497551646
AES-192,simetricni-rucni,enkripcija,256.0,192,50,0.00685023199996067,0.0002816079917465451,0.006526099999973667,0.035639760084242654
AES-192,simetricni-rucni,dekripcija,256.0,192,50,0.01282011200008128,0.00031869583655436384,0.0122934000009991,0.01904356412786816
AES-192,simetricni-rucni,enkripcija,1024.0,192,50,0.026240892000023452,0.0010634837385240033,0.02523059999839461,0.03721529359593139
AES-192,simetricni-rucni,dekripcija,1024.0,192,31,0.06547524193557629,0.04450765768206437,0.047611600000891485,0.014914988797763878
AES-192,simetricni-rucni,enkripcija,4096.0,192,20,0.10278082499980883,0.0011572646530963386,0.10102519999963988,0.03800562994125865
AES-192,simetricni-rucni,dekripcija,4096.0,192,11,0.19287309999973248,0.0017058523896350142,0.1901278999994247,0.020252953885251068
AES-192,simetricni-rucni,enkripcija,16384.0,192,5,0.4091161000000284,0.0015785217772871694,0.40661609999915527,0.03819209266024709
AES-192,simetricni-rucni,dekripcija,16384.0,192,5,0.7710073199999897,0.0017496839694910208,0.768595199999254,0.020265696050719997
AES-192,simetricni-rucni,enkripcija,65536.0,192,5,1.6385887000004005,0.006832237663415357,1.6326579000015045,0.03814257964795237
AES-192,simetricni-rucni,dekripcija,65536.0,192,5,3.9205070399999387,0.45179503764670725,3.4183722999987367,0.01594181552598385
AES-192,simetricni-rucni,generisanje_kljuca,,192,50,3.420001667109318e-07,1.5790735613995624e-07,1.9999970390927047e-07,
AES-256,simetricni-rucni,enkripcija,64.0,256,50,0.002612855999832391,0.00027288695581178754,0.002300199999808683,0.02335955607730211
AES-256,simetricni-rucni,dekripcija,64.0,256,50,0.004841852000099607,0.00024048416571723527,0.004378200001156074,0.01260574595190939
AES-256,simetricni-rucni,enkripcija,256.0,256,50,0.00885857399993256,0.00039991229776401146,0.00832040000022971,0.027559810981074226
AES-256,simetricni-rucni,dekripcija,256.0,256,50,0.016503197999991243,0.0004380474322888123,0.0158108000014181,0.014793534259246574
AES-256,simetricni-rucni,enkripcija,1024.0,256,50,0.03367809999988822,0.001570429860466033,0.03257320000011532,0.028996959448521188
AES-256,simetricni-rucni,dekripcija,1024.0,256,32,0.06351640312482232,0.0020123674952393293,0.060839199999463744,0.015374965394070902
AES-256,simetricni-rucni,enkripcija,4096.0,256,15,0.13585874000030648,0.007308165217025895,0.13211360000059358,0.0287522907984513
AES-256,simetricni-rucni,dekripcija,4096.0,256,8,0.25092756249978265,0.0024875984477347873,0.24731070000052569,0.015567241641712371
AES-256,simetricni-rucni,enkripcija,16384.0,256,5,0.5476886199998262,0.021964951927146738,0.5294902000005095,0.028528984224658452
AES-256,simetricni-rucni,dekripcija,16384.0,256,5,0.9998003799992148,0.009305290944061614,0.9855087999985699,0.015628119685263845
AES-256,simetricni-rucni,enkripcija,65536.0,256,5,2.0753719799988177,0.009207199205543257,2.0657254999987344,0.03011508327294445
AES-256,simetricni-rucni,dekripcija,65536.0,256,5,3.9321501800004626,0.01485288881920424,3.9088768000001437,0.015894611634592413
AES-256,simetricni-rucni,generisanje_kljuca,,256,50,3.4999986382899804e-07,1.446318442601551e-07,1.9999970390927047e-07,
AES-128 (biblioteka),simetricni-biblioteka,enkripcija,1024.0,128,50,9.486000017204788e-06,2.8992618956242365e-06,8.19999877421651e-06,102.94776494083972
AES-128 (biblioteka),simetricni-biblioteka,dekripcija,1024.0,128,50,7.90199985203799e-06,8.090028982168363e-07,7.5000007200287655e-06,123.58422149908503
AES-128 (biblioteka),simetricni-biblioteka,enkripcija,4096.0,128,50,1.2908000135212206e-05,1.4044883657423076e-06,1.2300000889808871e-05,302.6224015402663
AES-128 (biblioteka),simetricni-biblioteka,dekripcija,4096.0,128,50,1.1494000063976274e-05,2.3768449555046368e-07,1.1299998732283711e-05,339.8512248353563
AES-128 (biblioteka),simetricni-biblioteka,enkripcija,10000.0,128,50,2.843199992639711e-05,9.283438034519971e-06,1.9600000086938962e-05,335.4228752374294
AES-128 (biblioteka),simetricni-biblioteka,dekripcija,10000.0,128,50,2.1346000066841954e-05,8.002403214617193e-06,1.799999881768599e-05,446.7695649863932
AES-128 (biblioteka),simetricni-biblioteka,enkripcija,100000.0,128,50,0.0001436999999350519,1.7790630504555806e-05,0.00013530000069295056,663.6564487385402
AES-128 (biblioteka),simetricni-biblioteka,dekripcija,100000.0,128,50,0.00013734200001636054,3.625248245525196e-05,0.0001227000011567725,694.3792257959298
AES-128 (biblioteka),simetricni-biblioteka,enkripcija,1000000.0,128,50,0.001727846000030695,0.00011945479581800859,0.0015996000001905486,551.9440484796146
AES-128 (biblioteka),simetricni-biblioteka,dekripcija,1000000.0,128,50,0.0013770300001488068,0.00022922382637954934,0.0011790000007749768,692.5588522422842
AES-128 (biblioteka),simetricni-biblioteka,enkripcija,10000000.0,128,50,0.018942598000139695,0.0009389799481178846,0.017510400000901427,503.45486738366986
AES-128 (biblioteka),simetricni-biblioteka,dekripcija,10000000.0,128,50,0.01625982000008662,0.001062728619807845,0.0153372999993735,586.5220626065784
ChaCha20,simetricni-biblioteka,enkripcija,1024.0,256,50,6.5860001632245255e-06,3.4124029224365705e-06,5.399999281507917e-06,148.2785417244618
ChaCha20,simetricni-biblioteka,dekripcija,1024.0,256,50,5.870000131835696e-06,3.189586508510976e-07,5.699999746866524e-06,166.36498774568247
ChaCha20,simetricni-biblioteka,enkripcija,4096.0,256,50,1.1150000027555506e-05,4.6653291880357775e-07,1.089999932446517e-05,350.3363220041529
ChaCha20,simetricni-biblioteka,dekripcija,4096.0,256,50,1.1164000061398838e-05,9.644202051146742e-07,1.089999932446517e-05,349.89698840171366
ChaCha20,simetricni-biblioteka,enkripcija,10000.0,256,50,2.324800007045269e-05,5.291087617811951e-06,2.1699999706470408e-05,410.217787988711
ChaCha20,simetricni-biblioteka,dekripcija,10000.0,256,50,2.6765999864437616e-05,7.199563771585008e-06,2.1500000002561137e-05,356.3006505403671
ChaCha20,simetricni-biblioteka,enkripcija,100000.0,256,50,0.00019198600013623946,2.8060801166589124e-05,0.00018120000095223077,496.74159351697097
ChaCha20,simetricni-biblioteka,dekripcija,100000.0,256,50,0.00019870599993737414,3.334132341791986e-05,0.00018110000019078143,479.9423855881644
ChaCha20,simetricni-biblioteka,enkripcija,1000000.0,256,50,0.002328142000187654,0.00020008209038108993,0.0020827000007557217,409.62892999197703
ChaCha20,simetricni-biblioteka,dekripcija,1000000.0,256,50,0.0019310819999373051,0.00014913167386125097,0.0017994999998336425,493.85490436823096
ChaCha20,simetricni-biblioteka,enkripcija,10000000.0,256,50,0.022455687999718067,0.0004787260252236586,0.02179729999988922,424.6916489123929
ChaCha20,simetricni-biblioteka,dekripcija,10000000.0,256,50,0.02278624199985643,0.0007572401542452286,0.021638000000166357,418.5307592240348
ChaCha20,simetricni-biblioteka,generisanje_kljuca,,256,50,4.100000660400838e-07,3.284163117073125e-07,1.9999970390927047e-07,
RSA-1024,asimetricni,generisanje_kljuca,,1024,10,0.047769139999763864,0.04165655131068143,0.006964999998672283,
RSA-1024,asimetricni,enkripcija,126.0,1024,50,3.7789999805681876e-05,4.748071420161962e-06,3.409999953873921e-05,3.1797556095546877
RSA-1024,asimetricni,dekripcija,126.0,1024,50,0.0026197199998932775,0.00016292676720906655,0.00247990000025311,0.04586862865958297
RSA-2048,asimetricni,generisanje_kljuca,,2048,10,0.34471690000009403,0.26801621332969855,0.1328897000003053,
RSA-2048,asimetricni,enkripcija,254.0,2048,50,0.00013381200024014105,1.6988154941992685e-05,0.00011769999946409371,1.810250769231997
RSA-2048,asimetricni,dekripcija,254.0,2048,50,0.01804506799995579,0.00039113106652576083,0.01751909999984491,0.013423794045430084
RSA-3072,asimetricni,generisanje_kljuca,,3072,4,2.0199023000000125,1.6050199485241685,0.4598588999997446,
RSA-3072,asimetricni,enkripcija,382.0,3072,50,0.0002612399998906767,1.7192558940417144e-05,0.0002517000011721393,1.3945168772762238
RSA-3072,asimetricni,dekripcija,382.0,3072,36,0.056631997222211794,0.000657032695229171,0.05543930000021646,0.006432822551493963
RSA-4096,asimetricni,generisanje_kljuca,,4096,3,7.604482266666916,5.491029099628196,1.343064200000299,
RSA-4096,asimetricni,enkripcija,510.0,4096,50,0.00046729599995160243,4.281917830604519e-05,0.00043820000064442866,1.0408261603299855
RSA-4096,asimetricni,dekripcija,510.0,4096,16,0.13268293750013527,0.002495090434036987,0.12903750000077707,0.0036656853588781274
ECDH (X25519),asimetricni,generisanje_kljuca,,256,50,3.2123999990290034e-05,4.091831443764266e-06,3.0500001230393536e-05,
ECDH (X25519),asimetricni,razmjena_kljuca,,256,50,3.021600001375191e-05,4.642015767627092e-06,2.6699999580159783e-05,
